<?xml version="1.0" encoding="UTF-8" standalone="yes"?>
<addon id="repository.movix" name="[COLOR gold]Movix[/COLOR] [COLOR gold]Repo[/COLOR]" version="1.0.0" provider-name="Movix">
        <extension point="xbmc.addon.repository" name="Movix Repository">
                <info compressed="false">http://raw.github.com/Movixme/MovixRepo/master/addons.xml</info>
                <checksum>http://raw.github.com/Movixme/MovixRepo/master/addons.xml.md5</checksum>
                <datadir zip="true">http://raw.github.com/Movixme/MovixRepo/master/zip</datadir>
        </extension>
        <extension point="xbmc.addon.metadata">
                <summary>Movix Repository</summary>
                <description lang="he">לצפייה ישירה [COLOR gold] באינטרנט [/COLOR] הקולנוע שלכם</description>
                <disclaimer></disclaimer>
                <platform>all</platform>
        </extension>
</addon>
